{
  "id": "1405688",
  "name": "yxs-jy",
  "font_family": "iconfont",
  "css_prefix_text": "icon-",
  "description": "",
  "glyphs": [
    {
      "icon_id": "1306",
      "name": "购物车空",
      "font_class": "gouwuchekong",
      "unicode": "e600",
      "unicode_decimal": 58880
    },
    {
      "icon_id": "429499",
      "name": "微信",
      "font_class": "logo-wechat",
      "unicode": "e619",
      "unicode_decimal": 58905
    },
    {
      "icon_id": "653956",
      "name": "首页2",
      "font_class": "shouye2",
      "unicode": "e605",
      "unicode_decimal": 58885
    },
    {
      "icon_id": "775396",
      "name": "历史记录",
      "font_class": "lishijilu",
      "unicode": "e685",
      "unicode_decimal": 59013
    },
    {
      "icon_id": "827977",
      "name": "文章1",
      "font_class": "wenzhang1",
      "unicode": "e6a9",
      "unicode_decimal": 59049
    },
    {
      "icon_id": "970762",
      "name": "文章",
      "font_class": "wenzhang-copy",
      "unicode": "e643",
      "unicode_decimal": 58947
    },
    {
      "icon_id": "971575",
      "name": "向上",
      "font_class": "up",
      "unicode": "e633",
      "unicode_decimal": 58931
    },
    {
      "icon_id": "975385",
      "name": "订单",
      "font_class": "single",
      "unicode": "e6bd",
      "unicode_decimal": 59069
    },
    {
      "icon_id": "1002153",
      "name": "微博",
      "font_class": "weibo",
      "unicode": "e6b2",
      "unicode_decimal": 59058
    },
    {
      "icon_id": "1025739",
      "name": "icon_更多",
      "font_class": "icongengduo",
      "unicode": "e604",
      "unicode_decimal": 58884
    },
    {
      "icon_id": "1157313",
      "name": "时间 00",
      "font_class": "shijian00",
      "unicode": "e6ce",
      "unicode_decimal": 59086
    },
    {
      "icon_id": "1235507",
      "name": "qq",
      "font_class": "qq",
      "unicode": "e601",
      "unicode_decimal": 58881
    },
    {
      "icon_id": "1391978",
      "name": "客服",
      "font_class": "54",
      "unicode": "e68c",
      "unicode_decimal": 59020
    },
    {
      "icon_id": "1403112",
      "name": "删除",
      "font_class": "iconfont-shanchu",
      "unicode": "e636",
      "unicode_decimal": 58934
    },
    {
      "icon_id": "1486845",
      "name": "疑问",
      "font_class": "yiwen",
      "unicode": "e634",
      "unicode_decimal": 58932
    },
    {
      "icon_id": "1526274",
      "name": "锁 1",
      "font_class": "suo",
      "unicode": "e657",
      "unicode_decimal": 58967
    },
    {
      "icon_id": "1638516",
      "name": "搜索",
      "font_class": "sousuo",
      "unicode": "e616",
      "unicode_decimal": 58902
    },
    {
      "icon_id": "1727436",
      "name": "211铃铛-线性",
      "font_class": "lingdang-xianxing",
      "unicode": "e8c0",
      "unicode_decimal": 59584
    },
    {
      "icon_id": "1905116",
      "name": "web_向下展开",
      "font_class": "web_xiangxiazhankai",
      "unicode": "e64e",
      "unicode_decimal": 58958
    },
    {
      "icon_id": "2155148",
      "name": "书本书签",
      "font_class": "shubenshuqian",
      "unicode": "e632",
      "unicode_decimal": 58930
    },
    {
      "icon_id": "2198800",
      "name": "个人",
      "font_class": "geren1",
      "unicode": "e60f",
      "unicode_decimal": 58895
    },
    {
      "icon_id": "2229058",
      "name": "上次时间",
      "font_class": "last-time",
      "unicode": "e76a",
      "unicode_decimal": 59242
    },
    {
      "icon_id": "2736937",
      "name": "消息",
      "font_class": "xiaoxi",
      "unicode": "e6a5",
      "unicode_decimal": 59045
    },
    {
      "icon_id": "2742572",
      "name": "锁子",
      "font_class": "suozi",
      "unicode": "e662",
      "unicode_decimal": 58978
    },
    {
      "icon_id": "2742623",
      "name": "定位",
      "font_class": "dingwei",
      "unicode": "e667",
      "unicode_decimal": 58983
    },
    {
      "icon_id": "2832363",
      "name": "编辑",
      "font_class": "bianji",
      "unicode": "e606",
      "unicode_decimal": 58886
    },
    {
      "icon_id": "3094911",
      "name": "咨询",
      "font_class": "zixun",
      "unicode": "e63c",
      "unicode_decimal": 58940
    },
    {
      "icon_id": "5171790",
      "name": "耳机",
      "font_class": "erji",
      "unicode": "e617",
      "unicode_decimal": 58903
    },
    {
      "icon_id": "5334848",
      "name": "服务记录",
      "font_class": "fuwujilu_huaban",
      "unicode": "e61a",
      "unicode_decimal": 58906
    },
    {
      "icon_id": "5386020",
      "name": "手机",
      "font_class": "shouji",
      "unicode": "e638",
      "unicode_decimal": 58936
    },
    {
      "icon_id": "5651479",
      "name": "个人",
      "font_class": "geren",
      "unicode": "e670",
      "unicode_decimal": 58992
    },
    {
      "icon_id": "6186649",
      "name": "时间",
      "font_class": "shijian",
      "unicode": "e661",
      "unicode_decimal": 58977
    },
    {
      "icon_id": "6236996",
      "name": "刷新",
      "font_class": "shuaxin",
      "unicode": "e610",
      "unicode_decimal": 58896
    },
    {
      "icon_id": "6265250",
      "name": "列表",
      "font_class": "list",
      "unicode": "e655",
      "unicode_decimal": 58965
    },
    {
      "icon_id": "6282731",
      "name": "播放",
      "font_class": "bofang",
      "unicode": "e6a6",
      "unicode_decimal": 59046
    },
    {
      "icon_id": "6337685",
      "name": "向下",
      "font_class": "down",
      "unicode": "e626",
      "unicode_decimal": 58918
    },
    {
      "icon_id": "7290573",
      "name": "星星",
      "font_class": "xingxing",
      "unicode": "e627",
      "unicode_decimal": 58919
    },
    {
      "icon_id": "7532866",
      "name": "报名",
      "font_class": "baoming",
      "unicode": "e664",
      "unicode_decimal": 58980
    },
    {
      "icon_id": "7933560",
      "name": "书",
      "font_class": "shu",
      "unicode": "e60e",
      "unicode_decimal": 58894
    },
    {
      "icon_id": "8843664",
      "name": "向左",
      "font_class": "xiangzuo",
      "unicode": "e647",
      "unicode_decimal": 58951
    },
    {
      "icon_id": "10109066",
      "name": "写",
      "font_class": "xie",
      "unicode": "e611",
      "unicode_decimal": 58897
    },
    {
      "icon_id": "10809885",
      "name": "向右 箭头",
      "font_class": "right",
      "unicode": "e74b",
      "unicode_decimal": 59211
    }
  ]
}
